objectid,trail_num,nah,island,quad,district,yrcreated,length_mi,elev_range,st_access,start_pt,end_pt,standard,climate,tspt_type,features,amenities,use_rest,hazards,comments,trailname,st_lengthshape
1,KA 06 007,Y,Kauai,06,Hanalei,1920s,2.29999995,1232,2-Wheel Drive,0.5 mi on Ohiki Road,Kaukaopua Peak,Moderate,"Mild, Wet",Foot,"Culture, Hike, Hunt, Nature Study","Shelters, Tables",Day,"Hunters, Landslides, Cliffs",Hanalei Natl. Wildlife Refuge. Closed.,Okolehao Trail,2867.0810467102
2,KA 03 029,Y,Kauai,03,"Hanalei, Waimea",1954,3.79999995,284,2-Wheel Drive,"End of Hwy 550, Puu O Kila Lookout",Kawaikoi Stream at Kawaikoi Camp,Moderate,"Cold, Wet",Foot,"Bio. Sens., Hike, Hunt, Nature Study, Stream","Camping, Parking, Shelters, Tables",Day,"Cliffs, flooding, hunters, footing",Camp by permit. Deep mud at Pihea peak.,Pihea Trail,5380.50995662515
3,KA 03 031,Y,Kauai,03,Waimea,1973,1.79999995,40,4-Wheel Drive,3.9 mi on Mohihi-Camp 10 Road,Same as start,Easy,"Cold, Wet",Foot,"Fish, Hike, Nature Study, Stream","Bench, Camping, Shelters, Tables, Toilets",Day,Flooding,Amenities and camping at trailhead.,Kawaikoi Stream Trail,2355.37945259009
12,KA 10 005,Y,Kauai,10,Kawaihau,1930s,2,960,2-Wheel Drive,Haleilio Road near end,Sleeping Giant (Nounou Mountain),Moderate,Mild,Foot,"Nature Study, Hike","Tables, Shelters",Day,Cliffs, ,Nounou Trail (East),2000.57886483946
4,KA 03 030,Y,Kauai,03,Waimea,Ancient,3.5,329,4-Wheel Drive,3.2 mi on Mohihi-Camp 10 Road,Kilohana on Wainiha Pali,Difficult,"Cold, Wet",Foot,"Bio. Sens., Hike, Hunt, Nature study, Stream","Parking, Shelter, Tables, Toilets",Day,"Hunters, Flooding, cliffs",Deep mud and fog along trail.,Alakai Swamp Trail,5524.66187130481
5,KA 01 012,Y,Kauai,01,Waimea,1970s,1.29999995,200,2-Wheel Drive,3.0 mi on Makaha Ridge Road,3.5 mi on Makaha Ridge Road,N/A,Mild,"Foot, 4WD","Hike, Hunt, Nature Study","Shelters, Tables, Toilets",Day,Hunters, ,Pine Forest Drive,1932.71263707516
6,KA 03 033,Y,Kauai,03,Waimea,1960s,0.30000001,80,4-Wheel Drive,4.5 mi on Mohihi-Camp 10 Road,Poomau Canyon Vista Point,Easy,"Mild, Wet",Foot,"Hike, Hunt, Nature Study, Scenic Viewpoint",None,Day,Hunters, ,Poomau Canyon Vista Trail,367.597626928184
7,KA 01 013,Y,Kauai,01,Waimea,1960s,1,226,4-Wheel Drive,0.04 mi on Pine Forest Drive,Makaha Forestry Arboretum,N/A,"Mild, Dry","Foot, 4WD","Hike, Hunt, Nature Study","Shelters, Tables, Toilets",Day,"Hunters, Cliffs", ,Makaha Arboretum Trail,1597.46476338721
8,KA 10 003,Y,Kauai,10 07,Kawaihau,1940s,2.5,680,2-Wheel Drive,End of Olohena Road,0.4 mi beyond Kuilau Trail end,Moderate,Mild,"Foot, Bicycle, Horse","Hiking, Nature Study, Hunting",None,Day,Hunters,No cars past 1.5 miles.,Moalepe Trail,3476.99845627601
13,KA 04 005,Y,Kauai,04,Waimea,1965,0.30000001,40,2-Wheel Drive,"8.7 mi on Hwy 550, Waimea Can. SP",Same as start,Easy,Mild,Foot,"Hike, Hunt, Nature Study","Parking, Shelters, Tables",Day,"Cliffs, footing",Excellent nature trail.,Iliau Nature Loop,490.35256542398
9,KA 07 002,Y,Kauai,07 10,Kawaihau,1970s,2.0999999,640,2-Wheel Drive,Keahua Arboretum on Hwy 580,Moalepe Trail,Moderate,Mild,"Foot, Bicycle, Horse","Hike, Hunt, Nature Study, Scenic View, Stream","Bridges, Parking, Shelters, Tables, Toilets",Day,Hunters, ,Kuilau Trail,3058.59328687106
10,KA 04 003,Y,Kauai,04,Waimea,Ancient,3,720,Foot,1/2 mile up Waimea River,Lonomea Camp,Moderate,Mild,"Foot, Horse","Archaeology, Fish, Hike, Hunt, Stream","Camping, Shelters, Tables, Toilets",None,"Landslides, Hunters, Flooding, Cliffs",Camping permit required.  Mosquitoes!,Koaie Canyon Trail,3982.17229673007
11,KA 10 006,Y,Kauai,10,Kawaihau,1930s,1.5,800,2-Wheel Drive,Hwy 581,Sleeping Giant (Nounou Mountain),Difficult,Mild,Foot,"Nature Study, Hike","Tables, Shelters",Day,Cliffs, ,Nounou Trail (West),1555.11798360229
93,HA 66 002,Y,Hawaii,66,South Hilo,1978,0.5,15,2-Wheel Drive,Rain shelter in Botanical Garden,Onomea Bay Shoreline near stream,Easy,Mild,Foot,"Hike, Nature Study, Ocean, Stream","Toilet, Table, Bridge, Shelter, Wheelchair","Pvt Access, Permit, Day,Time, Numbers",None,Fee.  Access by H.T.B.G. vehicle only.,Onomea Old Government Road,433.056406185589
14,KA 04 006,Y,Kauai,04,Waimea,1920s,2.5,2240,2-Wheel Drive,8.7 mi on Hwy 550 at Iliau Loop,"Wiliwili Camp, Waimea River",Difficult,Mild,Foot,"Fish, Hike, Hunt, Nature Study, Stream","Camping, Shelters, Tables, Toilets",None,"Hunters, Landslides, Flooding, Cliffs",Trailhead sign-in.  Camping permit.,Kukui Trail,3192.2741055589
15,KA 10 007,Y,Kauai,10,Kawaihau,1930s,2,320,2-Wheel Drive,2.3 mi on Hwy 580,Nounou-West Trail,Easy,Mild,"Foot, Bicycle, Horse","Nature Study, Hike","Tables, Bridges, Shelters, Parking",Day,None, ,Kuamoo-Nounou Trail,2528.09808746575
16,KA 05 001,Y,Kauai,05 02 04,Waimea,Ancient,7,780,2-Wheel Drive,End of Menehune Road or Kukui Trail,Koaie Stream junction,Moderate,Mild,"Foot, Bicycle, Horse","Hunt, Nature Study, Stream","Camping, Shelters, Tables, Toilets",Permits,"Landslides, Hunters, Footing, Flooding, Cliffs",Game Management Entry Permit required.,Waimea Canyon Trail,12776.5233988498
17,KA 04 008,Y,Kauai,04,Waimea,Unknown,11,3260,Foot,End of Menehune Road,Waialae Cabin,Difficult,Mild,"Foot, Horse","Fish, Hike, Hunt, Nature Study, Stream","Camping, Firepit, Shelters, Tables, Toilets",Permits,"Cliff, Flood, Hunter, Landslide, Narow Trl, Rocks",Game Management Area Entry Permit Req.,Puu Ki-Waialae Trail,14078.2080565737
18,KA 07 001,Y,Kauai,07 06,"Kawaihau, Hanalei",1906,11.19999981,1568,2-Wheel Drive,Kapaka St from Princeville Stables,Keahua Forestry Arboretum,Difficult,"Mild, Wet","Foot, Bicycle, Horse, Motorcycle","Hike, Hunt, Nature Study, Scenic View",None,Day,Hunters,"Steep, eroded, slippery at saddle.",Powerline Trail,16654.2107650317
24,OA 08 019,Y,Oahu,08,Koolauloa,1898,2.5,800,2-Wheel Drive,End of Maakua Road,Same as start,Moderate,Mild,"Foot, Bicycle","Hike, Nature Study, Hunt, Archery, Wildlife","Bench, Camp, Tables, Shelter",None,"Hunters, Footing",Camping permit - DOFAW,Maakua Ridge Trail,3966.42557305542
19,KA 03 034,Y,Kauai,03 04,Waimea,1930s,2.5,167,4-Wheel Drive,5.4 mi on Mohihi-Camp 10 Road,3353-foot elev. on Kohua Ridge,Moderate,Mild,Foot,"Fish, Hunt, Nature Study, Stream",None,Day,"Floods, Cliffs, Hunters","Steep grades first 0.5 mi; rest easy.",Kohua Ridge Trail,3556.54384956815
20,KA 03 035,Y,Kauai,03 04,Waimea,1930s,4,880,4-Wheel Drive,End of Mohihi-Camp 10 Road,Waialae Cabin,Difficult,"Cold, Wet",Foot,"Bio. Sens., Fish, Hike, Hunt, Stream","Camping, Shelters, Tables, Toilets",None,"Hunters, Flooding",Map and compass skills recommended.,Mohihi-Waialae Trail,5486.77630935334
22,OA 08 007,Y,Oahu,08,"Waialua, Wahiawa",1930's,3.5,800,4-Wheel Drive,End of Jeep Road,Koolau Ridge,Moderate,Mild,"Foot, 4WD, Bicycle","Hike, Nature Study, Hunt",Camping,"Private access, time, permit","Hunters, Footing, Blind Corner, Narrow Trail","Permit-DOFAW, Waialua Sugar, Dole, Army",Poamoho Trail,3332.03922318119
23,OA 13 036,Y,Oahu,13,Honolulu,Unknown,0.80000001,800,2-Wheel Drive,End of Manoa Road,Manoa Falls,Easy,"Mild, Wet","Foot, Bicycle","Hike, Nature Study, Stream, Waterfall","Parking, Bench, Bridge, Toilets, Trash Cans",None,"Cliff, Footing, Rocks, Floods, hunters, Landslides","Makiki-Tantalus cplx, Maint by Operation",Manoa Falls Trail,1244.66266272868
21,OA 01 005,Y,Oahu,01,Waialua,Unknown,6,500,2-Wheel Drive,Kaena Pt. Tracking Station Rd.,"Past Peacock Flats, Mokuleia Trail",N/A,Mild,"4WD, Foot, Bicycle","Hike, Nature Study, Hunt",None,Permit,"Footing, Hunters","permit-DOFAW, Rd. starts at Manini Gulch",Mokuleia-Kuaokala Firebreak Access Road,13414.185771902
48,MO 04 004,Y,Molokai,04,Molokai,Unknown,3.29999995,500,4-Wheel Drive,Main F.R. Rd-before Waikolu lookout,Kahanui Flats,N/A,"Mild, Wet",4WD,Hunt,None,None,"Hunters, Footing, Floods",Waikolu Gulch east of road. 2 branch rds,Kahanui Road Complex,2445.21621400648
25,OA 01 006,Y,Oahu,01,Waialua,Unknown,2.5,1600,2-Wheel Drive,Behind Dillingham AFB-West Gate,Kealia Rd to F.R. Mauka Rd,Moderate,"Hot, Dry","Foot, bike, 4WD above switchback","Hike, Nature Study, Hunt, Jeep","Parking, Tables, Shelter",None,"Footing, Hunters, Blind corner, Cliff, Rocks, Fire","Windy, access to Peacock Flat via Kealia",Kealia Trail,1750.78143609874
26,OA 13 023,Y,Oahu,13,Honolulu,Unknown,0.75,200,2-Wheel Drive,Nuuanu Pali Dr. Reservoir Spillway,Same as start,Easy,Mild,Foot,"Hike, Nature Study, Stream, Hunt",Parking,None,"Floods, Footing, Hunters, Slippery Rocks",Maint. by Operations.  Rubbish problems.,Judd Memorial Loop Trail,1330.71201330537
27,OA 13 035,Y,Oahu,13,Honolulu,1978,1.29999995,1200,Foot,Manoa Falls Trail,Pauoa Flats-reservoir overlook,Easy,"Mild, Wet","Foot, Bicycle","Hike, Nature Study",Parking,None,"Cliff, Footing, Rock, Hunter, Landslide, Narow trl","Makiki-Tantalus cplx, Maint by Operation",Aihualama Trail,1864.09070902403
28,OA 13 025,Y,Oahu,13,Honolulu,Unknown,0.69999999,500,2-Wheel Drive,"DOFAW Baseyard, Makiki Forest Area",Makiki Valley Trail,Easy,Mild,Foot,"Hike, Nature Study, Stream","Parking, Bridge, Toilet, Water, Bench",None,"Footing, Rocks, Hunters, Landslides",Makiki-Tantalus complex,Kanealole Trail,1170.27204793178
29,OA 01 013,Y,Oahu,01,"Waianae, Waialua",Unknown,2,500,2-Wheel Drive,Forest Reserve Road,Mokuleia firebreak (Mauka) Rd.,Moderate,Mild,"Foot, Bicycle","Hike, Nature Study, Hunt","Parking, camp, Table, Shelter","Private Access, permit","Blind corner, cliff, footing, fire, hunters",Permit-DOFAW,Kuaokala Trail,4084.39751035378
30,OA 01 006,Y,Oahu,01,Waialua,Unknown,2.5,1600,2-Wheel Drive,Behind Dillingham AFB-West Gate,Kealia Rd to F.R. Mauka Rd,Moderate,"Hot, Dry","Foot, bike, 4WD above switchback","Hike, Nature Study, Hunt Jeep, Sensitive, Scenic","Parking, Tables, Shelter",None,"Blind corner, cliff, footing, rocks, fire","Windy, access to Peacock Flat via Kealia",Kealia Access Road,2081.98147573956
31,OA 01 010,Y,Oahu,01,Waialua,Unknown,3.5,1200,2-Wheel Drive,End Mokuleia Access-FAA Road,Mokuleia firebreak (mauka) Rd.,Moderate,Mild,"Foot, 4WD","Hike, Nature Study, Hunt, Bio. Sens.",Camping,New access road open,"Footing, Hunters",Trail goes through Pahole NAR,Mokuleia Trail,4006.9461041784
32,OA 01 009,Y,Oahu,01,Waialua,Unknown,4.19999981,1400,2-Wheel Drive,Farrington Highway-Mokuleia Ranch,Mokuleia FR Mauka Rd past Nike site,Easy,Mild,"Foot, Bicycle",None,None,"Private Access, Permit",None,"Acc. Mokuleia,Makua Rim,Peacock Flat Tr",Mokuleia Forest Reserve Access Road,5825.10024816315
33,OA 08 017,Y,Oahu,08,Koolauloa,1878,2.5,700,2-Wheel Drive,End of Maakua Road,Same as start,Easy,"Mild, Wet","Foot, Bicycle","Hike, Nature Study, Hunt, Archery, Stream","Bench, Camp, Parking, Shelter",None,"Footing, Flash Flood, Hunters, Narrow Trail",Camping permit - DOFAW,Hauula Loop Trail,3340.41252560349
34,OA 09 010,Y,Oahu,09,Ewa,Unknown,1,300,2-Wheel Drive,"Waimano Home Gate, left of fence","Waimano upper, .5 mile from start",Easy,Mild,"Foot, Bicycle","Hike, Nature Study, Hunt, Stream, Swim","Parking, Camping",None,"Footing, Floods, Hunters",Camping permit-DOFAW,Lower Waimano Trail,1278.53680805961
35,OA 13 024,Y,Oahu,13,Honolulu,1981,1.5,100,Foot,Judd Memorial Loop,Pauoa Flats Trail,Easy,Mild,Foot,Hike,None,None,Cliffs,Honolulu Mauka Complex,Nuuanu Trail,2486.77936607116
36,OA 13 028,Y,Oahu,13,Honolulu,pre1900,0.75,500,Foot,Manoa Cliffs Trail,Puu Konahuanui Trail,Easy,"Mild, Wet",Foot,Hike,None,None,Footing,None,Pauoa Flats Trail,1161.23723060805
37,OA 13 027,Y,Oahu,13,Honolulu,Unknown,0.75,500,2-Wheel Drive,Tantalus Drive,"Pauoa Flats, Nuuanu Lookout",Easy,Wet,Foot,Hike,None,None,"Cliff, Footing","Makiki-Tantalus cplx, Mtn bike problems",Puu Ohia Trail,1306.53518623426
38,OA 13 049,Y,Oahu,13,Honolulu,Unknown,0.25,100,2-Wheel Drive,Tantalus Drive,Same as start,Easy,Wet,Foot,Hike,None,None,None,None,Tantalus Arboretum Trail,287.888592133643
39,OA 13 034,Y,Oahu,13,Honolulu,Unknown,0.69999999,500,2-Wheel Drive,"DOFAW Baseyard, Makiki Forest Area","Ualakaa, Moleka, Makiki Valley Trls",Easy,Mild,Foot,"Hike, Nature Study, Stream, Cultural","Bench, Bridge, Parking, toilet, water, table",None,"Cliff, Footing, Rocks, Uneven Surface",Makiki-Tantalus complex,Maunalaha Trail,1220.04592424222
58,MA 09 004,Y,Maui,09 12,Makawao,1960's,0.60000002,200,4-Wheel Drive,Polipoli State Park,Haleakala Ridge Trail,Moderate,Cold,Foot,"Hike, Hunt","Toilet, Potable Water, Tables, Cabins, Camping",None,Hunters, ,Polipoli Trail,835.765027346316
40,OA 13 032,Y,Oahu,13,Honolulu,Unknown,1.10000002,200,2-Wheel Drive,Tantalus Drive,East side of Round Top Drive,Easy,Mild,Foot,"Hike, Nature Study, Stream","Bench, Bridge, Parking",None,"Footing, Rocks, Hunters, Landslides, Narrow Trail","Makiki-Tantalus cplx, Maint by Operation",Makiki Valley Trail,2042.38611295708
41,OA 13 033,Y,Oahu,13,Honolulu,1980,0.52999997,400,2-Wheel Drive,.1 mile past Ualakaa State Park,Makiki Valley Trail,Easy,Mild,Foot,Hike,"Bench, Water, Parking Toilets, Trash Cans",None,"Footing, Hunters, Narrow Trails, Uneven Surface","Makiki-Tantalus cplx, Maint by Operation",Ualakaa Trail,901.29943027619
42,OA 15 002,Y,Oahu,15,Koolaupoko,Unknown,1,400,2-Wheel Drive,Kumuhau Rd.,Aniani Nui Ridge,Moderate,Mild,"Foot, Bicycle, Horse","Hike, Nature Study",None,None,Footing,Maunawili section under construction,Maunawili-Waimanalo Access Road,1246.2766788816
43,OA 04 010,Y,Oahu,04 08,"Waialua, Wahiawa",Unknown,6,800,2-Wheel Drive,Kamehameha Hwy-Dole Pineapple Stand,End of Jeep Road,N/A,Mild,4WD,None,None,"Private Access, Time, Permit",None,"Permit-DOFAW, Dole, Waialua Sugar, Army",Poamoho Hele Loa Road,9410.29714763792
44,OA 13 031,Y,Oahu,13,Honolulu,1979,0.75,300,2-Wheel Drive,Round Top Drive,Makiki Valley Trail,Easy,Mild,Foot,Hike,None,None,"Cliff, Footing","Makiki-Tantalus cplx, Maint by Operation",Moleka Trail,1014.87409324383
45,MO 03 011,Y,Molokai,03 04,Molokai,Unknown,9.80000019,3250,2-Wheel Drive,Hwy 46 3.5 mi NW of Kaunakakai,Past Waikolu Lookout-Makakupaia Rd.,N/A,"Mild, Wet","Foot, 4WD, Horse","Hike, Nature Study, Hunt, Culture","Toilets, Camping, Picnic, Parking",None,"Hunters, Cliffs, Floods, Footing","Camp permit-DOFAW, amenities at lookout",Maunahui-Makakupaia Access Road,15476.289163158
46,MO 04 005,Y,Molokai,04,Molokai,Unknown,2.0999999,500,4-Wheel Drive,"Main FR Rd., Waikolu lookout",End of ridge- 3000 ft elev.,N/A,"Mild, Wet",4WD,Hunt,None,None,"Hunters, Footing, Floods", ,Kaulahuki Road,2755.01899178119
47,MO 04 004,Y,Molokai,04,Molokai,Unknown,3.29999995,500,4-Wheel Drive,Main F.R. Rd-before Waikolu lookout,Kahanui Flats,N/A,"Mild, Wet",4WD,Hunt,None,None,"Hunters, Footing, Floods",Waikolu Gulch east of road. 2 branch rds,Kahanui Road Complex,3161.88674038554
49,MA 13 003,Y,Maui,13,Hana,1960's,0.80000001,200,2-Wheel Drive,3.5 mi past Kailua Village to Hana,Grassy clearing on hill,Moderate,Mild,Foot,Hike,"Table, Shelter, Fire Pit",Day,Footing,None,Waikamoi Ridge Trail,975.676253143967
50,MA 13 005,Y,Maui,13,Hana,1971,0.60000002,40,2-Wheel Drive,"Hana Hwy, Keanae Arboretum",Taro patch auwai intake,Easy,Mild,Foot,"Hike, Nature Study, Stream, Archaeology, Culture",None,Day,"Cliff, Footing, Flash Flood, Waves",None,Keanae Arboretum Walk,906.868672011514
51,MA 16 002,Y,Maui,16,Hana,Ancient,3,200,2-Wheel Drive,Hana Dump Road at Kainalimu Bay,Just before Hana Airport,Moderate,Mild,Foot,"Hike, Hunt, Beach, Archaeology, Dive, Fish","Camping, Cabins, Tables, Toilets",Day,Footing,Also called Hana-Honokalani Trail,Ke Alaloa O Maui (Piilani Trail),5343.90902108531
52,MA 09 001,Y,Maui,09 12 11,Makawao,1970's,4.4000001,1220,Foot,Ranger cabin,Cattle guard on Polipoli Road,Moderate,Cold,Foot,"Hike, Hunt",Shelter,Day,Hunters, ,Boundary Trail,5165.74182661131
94,HA 55 001,Y,Hawaii,55,South Hilo,Unknown,2,550,2-Wheel Drive,19.8 mi point on Saddle Road,17.4 mi point on Saddle Road,Easy,Cool,Foot,"Scenery, Nature Study",Parking at turn out 17.4 mi point,None,Weather, ,Kaumana Trail,2103.81718215941
95,HA 47 002,Y,Hawaii,47  55  56,"S Hilo, N Hilo",Ancient,3.70000005,398,2-Wheel Drive,Saddle Road 22.4 mi W of Hilo,Kulani to M. Loa Observatory Road,Moderate,Cold,"Foot, Horse","Hike, Bio. Sens., Nature Study, Culture",Parking,None,"Hunters, Uneven Surface",Cold climate with rain and fog,Puu Oo Horse Trail,11262.0041275131
53,MA 12 001,Y,Maui,12,Makawao,1970's,1.39999998,800,4-Wheel Drive,Kula Forest Access Road,Joins Boundary Trail,Moderate,Cold,Foot,"Hike, Hunt",Shelter,Day,Hunters, ,Lower Waiohuli Trail,1868.18351926282
54,MA 09 003,Y,Maui,09,Makawao,1960's,0.5,250,Foot,0.8 mi point of Redwood Trail,Plum Trail,Moderate,Cold,Foot,"Hike, Hunt",Shelter,Day,Hunters, ,Tie Trail,570.303342696532
55,MA 09 002,Y,Maui,09,Makawao,1930's,1.70000005,600,4-Wheel Drive,Ranger cabin Polipoli State Park,Haleakala Ridge Trail,Moderate,Cold,Foot,"Hike, Hunt",Shelter,Day,Hunters, ,Plum Trail,2050.46773351094
56,MA 12 002,Y,Maui,09,Makawao,1960's,1.70000005,900,4-Wheel Drive,Polipoli State Park entrance,Ranger's Cabin,Moderate,Cold,"Foot, Bike","Hike, Hunt","Table, Toilets, Cabin, Camping",None,"Hunters, Uneven Surface", ,Redwood Trail,2040.22807212144
57,MA 12 004,Y,Maui,12,Makawao,1960's,6.80000019,2600,2-Wheel Drive,Near end of Science City Road,Haleakala Ridge Trail,Moderate,Cold,"Foot, Bike, 4WD","Hike, Hunt, 4WD",None,Day,"Hunters, High Elevation",DOFAW management access road,Skyline Road,10709.3504371981
59,MA 12 003,Y,Maui,12 09,Makawao,1960's,1.60000002,850,4-Wheel Drive,Skyline switchback,Forest Reserve boundary shelter,Moderate,Cold,Foot,"Hike, Hunt, Nature Study",Shelter,Day,Hunters, ,Haleakala Ridge Trail,1433.54968356045
60,MA 11 021,Y,Maui,11,Makawao,1970's,3,400,4-Wheel Drive,Waiakoa Gate at Kula For.Res. Bound,Waiakoa Gate at Kula ForRes Boundar,Moderate,Cold,"Foot, Bicycle","Hike, Hunt",None,Day,Hunters,Trail only partially maintained.,Waiakoa Loop Trail,3905.34565206577
96,HA 47 004,Y,Hawaii,47  48  39,North Hilo & Hamakua, ,17.5,4440,2-Wheel Drive,27.5 mile point on Saddle Rd.,M.Loa Solar Observatory 11150'elev.,Easy,"Dry, Cold","Foot, Bicycle, 2WD","Hike, Nature Study, Bio. Sens.",Parking,None,"Blind Corner, High Elevation, Sun Vehicle Traffic",See Memo,Mauna Loa Observatory Access Road,27786.5794237518
97,HA 27 001,Y,Hawaii,27 37,Hamakua,1960,4.19999981,1760,2-Wheel Drive,Saddle Rd. Kilohana Hunter Check St,Puu Laau Cabin,Easy,Cool/Cold,"Foot, Horse, Bicycle, 4WD","Hunt, Scenery, Nature Study, Archery, Hike","Parking, Toilets",None,"Hunters, Blind Corner, High Elevation, Footing", ,Puu Laau Road,6677.59155287884
98,HA 46 006,Y,Hawaii,46,"Hamakua, N Hilo",1960,32,2750,2-Wheel Drive,"Hale Pohaku V Ctr, Mauna Kea S P",Puu Laau Cabin Forest Rsv boundary,Moderate,Cool/Cold,"Foot, Horse, Bicycle, 4WD","Hike, Hunt, Nature Study, Bio. Sens., 4WD","Visitors Center, Toilets, Water",None,"Blind Corner, High Elevation, Hunters, Sun", ,Mauna Kea Access Road,51580.2657456023
61,MA 11 023,Y,Maui,11,Makawao, ,1.10000002,0,2-Wheel Drive,0.25 mi on Olinda Road,Ridge top over Central Valley, , ,Foot,"Hike, Nature Study",None, ,Footing,No Data Sheet submitted,Waihou Spring Trail,1663.71649881171
62,HA 53 001,Y,Hawaii,53,North Hilo,Ancient,5.5,3240,2-Wheel Drive,Hilo Frst Rsv 0.16 mi E Kaula Gulch,Keanakolu Humuula Ahpa,Difficult,"Mild, Cold","Foot, Horse","Hike, Bio.Sens., Nature Study, Hunt",Cabins,Private Access,"Hunters, Footing",Require permit from Hamakua Sugar,Humuula Trail,9252.86549650582
63,HA 03 001,Y,Hawaii,03,North Kohala,Ancient,0.25,30,2-Wheel Drive,Coast Grd. Loran Station,Fenceline at S property boundary,Easy,Dry,Foot,"Hike, Beach, Fish, Nature Study","Toilet, Parking, Camping, Cabiins, Potable Water",None,"Cliffs, Footing, Flash Floods, Stream, Sun",Very windy. Trail on cliffs.,Ala Kahakai Trail (Puakea Bay Sector),510.484758846679
64,HA 72 001,Y,Hawaii,72 71 67,"Puna, S Hilo",Ancient,2.5,20,2-Wheel Drive,N end Beach Rd Haw Paradise Prk Sub,Kekuanaoa Ave.,Moderate,"Hot, Wet",Foot,"Hike, Nature Study, Archaeology, Fish, Beach","Parking, Interpretive Signs",Closed,"Shorebreak, High Surf, Currents, Rocks", ,Puna Trail (North End Section),3944.71813695643
65,MA 11 001,Y,Maui,11,Makawao,2008,0,0, , , , , , , , , , , ,Kahakapao Loop Trail,8399.21986008113
99,HA 15 001,Y,Hawaii,15,South Kohala,Ancient,3.9000001,15,2-Wheel Drive,Puako Boat Ramp,"Makaiwa Bay, Mauna Lani Resort",Moderate,Hot,Foot,"Hike, Beach, Fish, Nature Study","Toilet, Parking, Camping, Cabins, Potable water",See Memo,"Cliff, Footing, Flash Floods, Stream, Sun",See Memo,Ala Kahakai Trail (Puako-Makaiwa Sector),4014.52406355857
66,MA 11 024,Y,Maui,11,Makawao, ,0,0, , , , , , , , , , , ,Paahao Road,1596.7417420255
67,MA 11 026,Y,Maui,11,Makawao, ,0,0, , , , , , , , , , , ,Kahakapao Ravine Trail,767.048387109666
68,MA 11 027,Y,Maui,11,Makawao, ,0,0, , , , , , , , , , , ,Renegade Trail,2263.07744646181
69,OA 13 026,Y,Oahu,13,Honolulu,1979,0.75,600,2-Wheel Drive,Tantalus Drive,Makiki Valley Trail,Easy,Mild,Foot,Hike,None,None,"Footing, Cliffs",Makiki-Tantalus complex,Nahuina Trail,867.355542375006
70,KA 01 026,Y,Kauai,01,Waimea,1967,6.30000019,240,4-Wheel Drive,Papaalai-Mana Ridge Road,Kauhao Ridge Road,N/A,Mild,"Foot, Bicycle, Horse, 4WD","Hike, Hunt, Nature Study","Shelters, Tables, Toilets",Day,Hunters,Excellent mild biking.,Contour Road,9877.82744748417
100,HA 53 002,Y,Hawaii,53,North Hilo,Unknown,0.2,120,4-Wheel Drive,Keanakolu Rd. 17 mi N MK Rd jct,Kaluakauka Laupahoehoe Frst Risv,Moderate,"Wet, Cold",Foot,"Hike, Culture, Nature Study",None,None,"Footing, Hunters",Leading to death site of David Douglass,Drs Pit (Kaluakauka Trail),267.207316344631
104,OA 15 015,Y,Oahu,15,Honolulu,Unknown,1.5,300,2-Wheel Drive,End of Kalaau Road,Trail ends .4 past FR boundary,Easy,Mild,"Foot, Bicycle","Hike, Nature Study, Hunt, Stream",Parking,None,"Footing, Floods, Hunters, Uneven Surface",Rough trail follows stream to falls,Kuliouou Valley Trail,934.55056191579
71,KA 01 021,Y,Kauai,01,Waimea,1960s,3.5,320,4-Wheel Drive,1.25 mi on Contour Road,Lapa Ridge,N/A,Mild,"Foot, Bicycle, Horse, 4WD","Hike, Hunt, Nature Study, 4WD","Shelters, Tables, Toilets",Day,Hunters,Slippery when wet.,Lapa Ridge Road,4096.94077797091
72,KA 01 024,Y,Kauai,01 02,Waimea,Unknown,8,2410,2-Wheel Drive,"11.1 mi on Hwy 550, Waimea C. SP",1050-foot elev. on Mana Ridge,N/A,Mild,"Foot, Bicycle, Horse, 4WD","Hunt, 4WD",None,"Permits, Private Access, Seasonal",Hunters,Hunting license required for entry.,Papaalai-Mana Ridge Road,12779.3707389538
73,KA 01 019,Y,Kauai,01,Waimea,1940s,6.5,2180,2-Wheel Drive,"12.0 mi on Hwy 550, Waimea C. SP",End of Haeleele Ridge over Na Pali,N/A,"Mild, Dry","Foot, Bicycle, Horse, 4WD","Hike, Hunt, Nature Study",None,Day,"Hunters, Cliffs",Length for both forks.  Slippery.,Haeleele Ridge Road,10311.1980664292
74,KA 01 018,Y,Kauai,01,Waimea,1930s,5.30000019,1960,2-Wheel Drive,"12.0 mi on Hwy 550, Waimea C. SP",Polihale Ridge,N/A,Mild,"Foot, Bicycle, Horse, 4WD","Hike, Hunt",None,Day,Hunters,Suitable for hardy biking.,Polihale Ridge Road,7957.55196061347
75,KA 01 017,Y,Kauai,01,Waimea,1930s,4.30000019,1917,2-Wheel Drive,13.1 mi on Hwy 550,1400-foot elev. on Kaaweiki Ridge,N/A,"Mild, Dry","Foot, Bicycle, Horse, 4WD","Hike, Hunt, Nature Study",None,Day,"Hunters, Cliffs",Hunter access road.  Slippery.,Kaaweiki Road,6566.5327824637
76,KA 01 016,Y,Kauai,01,Waimea,1930s,5,1917,2-Wheel Drive,"13.1 mi on Hwy 550, Waimea C. SP",1400-foot elev. on Kauhao Ridge,N/A,"Mild, Dry","Foot, Bicycle, Horse, 4WD","Hike, Hunt, Nature Study,  Archery",None,Day,"Hunters, Cliffs, Landslides",Length from Contour Road.,Kauhao Ridge Road,8701.42493946211
77,KA 01 037,Y,Kauai,01,Waimea, ,2.5,1340,2-Wheel Drive,Makaha Ridge Road,Makaha Arboretum, , ,"Foot, Bicycle, Horse","Hike, Hunt",None, ,Hunters,No Data Sheet submitted,Makaha Road,6045.32477649953
78,KA 01 008,Y,Kauai,01,Waimea,1930s,3.79999995,540,2-Wheel Drive,0.25 mi on Makaha Ridge Road,Milolii Ridge at picnic shelter,N/A,"Mild, Dry",4WD,"Hike, Hunt, Nature Study","Shelters, Tables",Day,"Hunters, Cliffs, Bees", ,Milolii Ridge Road,4149.9501931577
79,KA 01 009,Y,Kauai,01,Waimea,1960s,3.5,1340,4-Wheel Drive,End of Milolii Ridge Road,1720-foot elev. of Milolii Ridge,Difficult,"Mild, Dry","Foot, Bicycle, Horse","Hike, Hunt, Nature Study",Shelters,Day,"Hunters, Cliffs, Bees",Hazardous cliffs at end.,Milolii Ridge Trail,4123.15254073371
80,KA 03 022,Y,Kauai,03,Waimea,1920s,6.0999999,280,4-Wheel Drive,"15.5 mi on Hwy 550, Kokee SP",Camp 10,N/A,"Cold, Wet",4WD,"Fish, Hike, Hunt, Nature Study, Stream, 4WD","Bridges, Camping, Shelters, Tables, Toilets",None,"Landslides, Hunters, Flooding, Cliffs",Road slick with the slightest rain.,Mohihi-Camp 10 Road,9352.93665721815
124,HA 37 002,Y,Hawaii,37,Hamakua,1972,6.19999981,2805,4-Wheel Drive,Kamakoa Gulch Mauna Kea Hunter Rd,Above 10200' elevation Muna Kea,Moderate,Cold,"Foot, Horse, 4WD","Hike, Hunt, Culture, Bio Sens, Nature Study",None,None,"Blind Corner, High Elevation, Hunters, Sun", ,Skyline Road,8748.71417825471
135, ,O,Maui,11,Makawao, ,0,0, , , , , , , , , , , ,Akamai Track (perimeter),44.6304927936936
81,KA 07 004,Y,Kauai,07,Lihue,Unknown,3,120,2-Wheel Drive,Keahua Arboretum,Waikoko gate,N/A,"Mild, Wet","4WD, Bicycle, Motorcycle","Hike, Hunt",None,Day,"Hunters, Stream Crossing", ,Wailua Forest Management Road,3496.55537314787
82,OA 07 002,Y,Oahu,07,Koolauloa,Unknown,2.5,600,2-Wheel Drive,"End Pupukea Rd-gate, Boy Scout Camp",Pupukea F.R. road,Moderate,Mild,"Foot, Bicycle","Hike, Nature Study, Hunt, Bio. Sens., Stream","Bridge, Parking Shelter",Time,"Hunters, Footing, Narrow trail, Stream, Uneven","Open weekends, state-Nat'l holidays",Kaunala Trail (West),2901.97409029959
83,OA 01 004,Y,Oahu,01,Waialua,Unknown,7.30000019,600,2-Wheel Drive,Firebreak Mauka Rd. Near KPSTS Rd.,Firebreak Rd-Mokuleia Ranch Land,N/A,Mild,"4WD, Foot","Hike, Nature Study, Hunt",None,Permit,"Footing, Hunters",Permit-DOFAW. Road meanders in gulches,Mokuleia-Makai Road,366.54491449004
102,HA 14 001,Y,Hawaii,15,South Kohala,Ancient,3.79999995,30,2-Wheel Drive,Spencer Beach Park (County),Puako Boat Ramp (State),Moderate,Hot,Foot,"Hike, Beach, Fish, Nature Study","Toilet, Parking, Camping, Cabins, Potable water",See Memo,"Cliff, Footing, Flash Floods, Stream, Sun",See Memo,Ala Kahakai Trail (Hapuna-Puako Sector),1930.13341902813
84,MA 04 009,Y,Maui,04,Wailuku, ,1.20000005,200,2-Wheel Drive,Between mile 40 and 41 on Hwy 30,Same as start, , ,"Foot, Wheelchair",Hike,Interpretive Signs, ,Cliffs, ,Ohai Loop Trail and Overlook,1835.70074579252
85,MA 06 001,Y,Maui,06,"Wailuku, Lahaina",Ancient,5.5,1600,2-Wheel Drive,Manawaipueo Gulch/w. side of Lahai,Edge of fields near jct. of Hwy 30,Difficult,"Hot, Dry",Foot,"Archaeology, Hike",None,None,Footing,Na Ala Hele Demonstration Trail,Lahaina Pali Trail,7246.56873001407
103, ,O,Maui,08,Wailuku, ,0,0,2-Wheel Drive, ,Same as start, , ,Motocycle,Motocross Track,Toilet, , , ,Maui Motocross Track (perimeter),1009.25977086218
86,LA 02 026,Y,Lanai,02,Lahaina,Unknown,1.75,140,2-Wheel Drive,West end of Hulopoe Beach,Steep gulch at Huawai Bay,Difficult,"Hot, Dry",Foot,"Hike, Fish, Archaeology, Nataure Study, Camp","Showers, Parking, Toilets, Camping, Tables",Private Access,"Cliffs, Waves",Acc to ocean down steep cliff using rope,"Hulopei-Huawai Fisherman's Trail
",2915.22723043286
88,MA 09 006,Y,Maui,09 12,"Makawao, Hana",Ancient,12.5,200,2-Wheel Drive,La Perouse Bay (4WD & Trail split),Kanaio Beach,Difficult,Hot,"Foot, Horse","Hike, Hunt, Ocean, Archaeology, Fish",None,Private Access (see comments),"Footing, Sun",La Perouse Bay to Kanaio is accessible,Hoapili Trail,2882.20373981394
101,HA 14 001,Y,Hawaii,14,South Kohala,Ancient,3.79999995,30,2-Wheel Drive,Spencer Beach Park (County),Puako Boat Ramp (State),Moderate,Hot,Foot,"Hike, Beach, Fish, Nature Study","Toilet, Parking, Camping, Cabins, Potable water",See Memo,"Cliff, Footing, Flash Floods, Stream, Sun",See Memo,Ala Kahakai Trail (Kawaihae-Waiulaula Sector),1688.62195033994
127, ,O,Hawaii,63,South Hilo, ,0,0, , , , , , , , , , , ,Upper Waiakea ATV/Dirt Bike Park (perimeter),16763.0867678825
87,MA 11 029,Y,Maui,11,Makawao, ,0,0, , , , , , , , , , , ,Pineapple Express Downhill Flow Trail,2904.88706728743
92,HA 66 001,Y,Hawaii,66,South Hilo,Unknown,0.60000002,140,2-Wheel Drive,Old Mamalahoa Highway,Onomea Bay Shoreline,Easy,Mild,Foot,"Nature Study, Hike, Ocean, Stream","Parking, Bridge",Permit,Current,"Natural Beauty, Marine Life Cons. Dist.",Onomea Donkey Trail,352.348795953914
89,MA 12 012,Y,Maui,11 12,Makawao,1970's,7,1200,4-Wheel Drive,Kula Forest Reserve Access Road,Upper Waiakoa Trail,Difficult,Cold,Foot,"Hike, Hunt",None,Day,"Hunters, Weather",Trail only partially maintained,Upper Waiohuli Trail,6313.79634096338
90,MA 11 023,Y,Maui,11 12,Makawao,1970's,7,1200,4-Wheel Drive,Kula Forest Reserve Access Road,Waiakao Loop Trail,Difficult,Cold,Foot,"Hike, Hunt",None,Day,"Hunters, Weather",Trail only partially maintained,Upper Waiakoa Trail,3747.1617641947
91,MA 12 011,Y,Maui,12,Makawao, ,1.79999995,520,Foot,0.7 mi on Waiakoa Trail,Skyline Road, , ,"Foot, Bike","Hike, Hunt",None, ,"Footing, Hunters",No Data Sheet submitted,Mamane Trail,1777.93946768523
105,OA 15 016,Y,Oahu,15,Honolulu,Unknown,2.5,2000,2-Wheel Drive,Kuliouou Valley Trail,Koolau Ridge Summit,Difficult,Mild,"Foot, Bicycle","Hike, Nature Study, Hunt","Campsites, Shelter",None,"Cliffs, footing, Rocks, Hunters, Sun",Trail under construction,Kuliouou Ridge Trail (Koko Head),3027.20748906055
106,OA 15 010,Y,Oahu,15,Honolulu,Unknown,3.5,1700,2-Wheel Drive,Ikena Circle-water tank,Koolau summit ridge,Difficult,"Mild, Wet",Foot,"Hike, Nature Study, Hunt, Camp, Bio Sens","Parking, Bench",None,"Cliff, Footing, Hunters, Landslide, Narrow Trail",Easement-explain purpose at guard gate,Hawailoa Ridge Trail,3143.57456439361
136, ,O,Maui,11,Makawao, ,0,0, , , , , , , , , , , ,Pauma Track (perimeter),44.6301470690204
137,HA 50 002,Y,Hawaii,50  49  40,Kau,Ancient,14,8350,4-Wheel Drive,Forest Rsv boundary end access road,Mauna Loa Cabin at summit,Difficult,Cold,Foot,Lava Flows,None, ,"Weather, Footing, Hunters", ,Ainapo Trail,17463.787749628
107,OA 15 008,Y,Oahu,15,Honolulu,Unknown,3,2000,2-Wheel Drive,End Laukahi Street-gate blocks acc.,Koolau summit Ridge,Moderate,Mild,Foot,"Hike, Nature Study",None,Private Access,"Cliffs, footing",First part of trail old road,Wiliwilinui Access Road and Trail,2460.88843107455
108,OA 15 008,Y,Oahu,15,Honolulu,Unknown,3,1600,2-Wheel Drive,End Laukahi Street-gate blocks acc.,Koolau summit Ridge,Moderate,Mild,"Foot, Bicycle","Hike, Nature Study, Camp",Visitors Center,Private Access,"Cliffs, footing",First part of trail old road,Wiliwilinui Access Road and Trail,1206.58072227657
109,OA 13 040,Y,Oahu,13,Honolulu,Unknown,2.4000001,500,2-Wheel Drive,Waahila State Park,Kolowalu Trail,Moderate,Mild,Foot,"Hike, Nature Study","Parking, Toilets, Shelters",Time,"Cliffs, footing, Hunters, Narrow Trail","Open 7-6:45, 7-7:45 summer",Waahila Ridge Trail,2238.79777900299
110,OA 13 038,Y,Oahu,13,Honolulu,Unknown,1,1000,2-Wheel Drive,"End Alani Ln., Kolowalu Picnic Area",Waahila Ridge Trail,Moderate,Mild,Foot,"Hike, Nature Study, Stream","Parking, Camp, Tables, Shelters",None,"Footing, Hunters, Narrow Trail, Uneven Surface","Steep Trail, Maint by Operations",Kolowalu Trail,1625.52979184519
111,OA 13 037,Y,Oahu,13,Honolulu,Unknown,1.20000005,400,2-Wheel Drive,Kolowalu Picnic Area,Manoa Falls Trail,Moderate,Wet,Foot,Hike,Shelters,Private Access,"Footing, Rocks",Proposed trail-need easments,Puu Pia Trail,1115.559924186
128,OA 08 007,Y,Oahu,08,"Waialua, Wahiawa",1930's,3.5,800,4-Wheel Drive,End of Jeep Road,Koolau Ridge,Moderate,Mild,"Foot, Bicycle","Hike, Nature Study, Hunt","Bench, Camping","Private access, time, permit","Hunters, Footing, Blind Corner, Narrow Trail","Permit-DOFAW, Waialua Sugar, Dole, Army",Poamoho Trail,1480.79413939355
112,OA 15 090,Y,Oahu,15,Koolaupoko,1993,2.75,200,2-Wheel Drive,Mahiku Place,Maunawili-Waimanalo Rd.,Easy,Mild,"Foot, Bicycle, Horse","Hike, Nature Study",Parking,None,"Footing, Uneven Surface",Maint by Hawaii Equestr. Trail Assn.,Maunawili Ditch Trail,3493.21279368295
113,OA 13 088,Y,Oahu,13 15,Koolaupoko,1991,10,500,2-Wheel Drive,Nuuanu Pali Lookout,Waimanalo,Moderate,"Mild, Wet","Foot, Bicycle, Horse","Hike, Nature Study",None,None,"Cliffs, Footing", ,Maunawili Trail,11043.084228994
114,OA 12 010,Y,Oahu,12,Honolulu,Unknown,4,600,2-Wheel Drive,End of Ala Aolani Road-park,Rd. turns trail at 2.5-ends at 4.0,Easy,Mild,"Foot, Bicycle","Hike, Nature Study, Hunt, Stream, Archeo, Culture","Camp, Parking, Toilets, Water, Tables, Trash","Private Access, Permit","Blind Corner, Footing, Flash Floods, Hunters",Permit - Moanalua Garden Foundation,Kamananui Valley Road,5784.36604139176
115,OA 12 011,Y,Oahu,12,Honolulu,Unknown,2.75,1400,2-Wheel Drive,2 miles up Kamananui Valley Road,Koolau Summit,Moderate,Mild,Foot,"Hike, Nature Study, Stream, Hunt, Cultural",Parking,Private Access,"Footing, Cliffs, Hunters, Flash Floods, Rocks",Permit - Moanalua Garden Foundation,Kulanaahane Trail,2872.19415901979
116,OA 09 011,Y,Oahu,09 12,Ewa,Unknown,7.19999981,1600,2-Wheel Drive,"Waimano Home Gate, left of fence",Koolau Ridge,Difficult,"Mild, Wet","Foot, Bicycle","Hike, Nature Study, Stream, Hunt, Archery","Camping, Parking, Shelter",None,"Hunters, Footing, Floods, Cliff",Camping permit from DOFAW,Upper Waimano Trail,7078.55768527702
117,OA 09 022,Y,Oahu,09,Ewa,Unknown,0,0,2-Wheel Drive,End of Komo Mai Drive, , , , , , , , , ,Manana Trail Access,683.805257718968
118,OA 09 008,Y,Oahu,09 12,Ewa,Unknown,6,1700,2-Wheel Drive,End of Komo Mai Drive,Koolau Ridge,Difficult,Mild,"Foot, Bicycle","Hike, Nature Study, Hunt, Archery, Bio. Sens.","Camping, Parking Shelters", ,"Hunters, Footing, Cliffs, Fire, Narrow Trail, Sun",Camping permit-DOFAW,Manana Trail,3680.98798294097
119,OA 08 012,Y,Oahu,08,Wahiawa,Unknown,4,700,2-Wheel Drive,End Schofield-Waikane Access,Koolau Ridge,Difficult,"Mild, Wet",Foot,"Hike, Nature Study",None,"Permit, Private Access, Time","Cliffs, Footing",Permit - Army Support Command,Schofield-Waikane Trail,3271.32446385617
120,OA 19 003,Y,Oahu,13,Honolulu,Unknown,1.5,200,2-Wheel Drive,Round Top Drive,Tantalus Drive,Easy,"Mild, Wet",Foot,"Hike, Nature Study, Hunt, Bio. Sens.","Parking, Bench, Bridge",None,"Cliff, Footing, Hunters, Landslide, Narrow Trail",Makiki Tantalus complex,Kalawahine Trail,1752.42201152043
121,OA 13 030,Y,Oahu,13,Honolulu,Unknown,2.29999995,500,2-Wheel Drive,Round Top Drive,Tantalus Drive,Easy,"Mild, Wet",Foot,"Hike, Nature Study, Bio. Sens.","Parking, Bridge, Bench, Interpretive Signs",None,"Cliff, Footing, Hunters, Landslides, Narrow Trail",Makiki Tantalus complex,Manoa Cliff Trail,3274.25947820404
129,OA 08 012,Y,Oahu,08,Wahiawa,Unknown,4,700,2-Wheel Drive,End Schofield-Waikane Access,Koolau Ridge,Difficult,"Mild, Wet",Foot,"Hike, Nature Study",None,"Permit, Private Access, Time","Cliffs, Footing",Permit - Army Support Command,Schofield-Waikane Trail,2598.88036137474
122,HA 24 007,Y,Hawaii,24,North Kohala,Unknown,0.5,420,2-Wheel Drive,Pololu Lookout,Awini tr. at base of Kupehau Ridge,Moderate,Mild,"Foot, Horse","Hike, Beach, Nature Study, Stream",None,None,"Cliffs, Shorebreak, Rocks, Flash Floods, Currents", ,Pololu Trail,674.454057028801
123,HA 47 001,Y,Hawaii,47,North Hilo,Unknown,1,200,2-Wheel Drive,Puu Huluhulu parking area,Same as start,Easy,Cold,Foot,"Hike, Hunt, Nature Study, Culture, Bio. Sens.","Parking, Toilets",None,"Hunters, Cliff, Rocks, High Elevation, Sun", ,Puu Huluhulu Trail,1591.18563372
125,HA 22 001,Y,Hawaii,22,Kau,1985,2.0999999,400,2-Wheel Drive,Manuka State Park,Manuka State Park,Easy,Mild,Foot,"Hike, Nature Study, Camp, Bio. Sens.","Toilets, Tables, Parking, Camp, Firepit, Trash", ,Footing,Interpretive Center,Manuka Loop Trail,3497.02186360085
126,HA 55 008,Y,Hawaii,55,South Hilo, ,0,0, , , , , , , , , , , ,Kaulana Manu Native Bird and Plant Sanctuary,484.658433483266
130, ,O,Oahu,03 07,Koolauloa, ,0.63,0,2-Wheel Drive,0.5 mi past Sunset Beach,Park, , ,"Motorized OHV, bicycle",Entry Fee,"Parking, Tables, Trash Cans, Toilets", ,"Blind Corner, Fire, Narrow Trail", ,Kahuku Motocross Park (perimeter),6691.97401512566
131,MA 11 030,Y,Maui,11,Makawao, ,0,0, , , , , , , , , , , ,Secret Trail,270.570757325629
132,MA 11 031,Y,Maui,11,Makawao, ,0,0, , , , , , , , , , , ,Tweener Trail,333.904924370647
133,MA 11 002,Y,Maui,11,Makawao,1961,1.60000002,900,4-Wheel Drive,Makawao Forest Reserve boundary,Piiholo Reservoir,Moderate,Mild,"4WD, Foot, Horse","Hunting, Hike",None,Private Access,Hunters,Tree planting road,Fong Ridge Road/Trail,986.582115339065
134, ,O,Maui,11,Makawao, ,0,0, , , , , , , , , , , ,Akahi Akahi Track (perimeter),44.6307186601704
138,HA 50 001,Y,Hawaii,50,Kau,Unknown,5.5,2200,2-Wheel Drive,Hawaii Belt Hwy (Hwy11),Forest Reserve Boundary, ,"Dry, Hot",4WD,None,None,Private Access, ,Required to contact Kapapala Ranch,Ainapo Trail Access Road,13020.6874341349
139,HA 35 001,Y,Hawaii,35 24,Hamakua,Ancient,9,1200,4-Wheel Drive,West side Waipio Valley,Waimanu Valley,Difficult,"Wet, Mild",Foot,"Hike, Stream, Ocean, Culture, Hunt","Camping, Toilets",None,"Cliff, Footing, Shorebreak, Rocks, Flash Flood", ,Muliwai Trail,11365.9173655293
140,OA 09 011,Y,Oahu,09 12,Ewa,Unknown,7.19999981,1600,2-Wheel Drive,"Waimano Home Gate, left of fence",Koolau Ridge,Difficult,"Mild, Wet","Foot, Bicycle","Hike, Nature Study, Stream, Hunt, Archery","Camping, Parking, Shelter",None,"Hunters, Footing, Floods, Cliff",Camping permit from DOFAW,Upper Waimano Trail,2813.25719782644
141,OA 09 008,Y,Oahu,09 12,Ewa,Unknown,6,1700,2-Wheel Drive,End of Komo Mai Drive,Koolau Ridge,Difficult,Mild,"Foot, Bicycle","Hike, Nature Study, Hunt, Archery, Bio. Sens.","Camping, Parking Shelters", ,"Hunters, Footing, Cliffs, Fire, Narrow Trail, Sun",Camping permit-DOFAW,Manana Trail,3463.1655878645
142,MA 11 021,Y,Maui,11,Makawao,1970's,3,400,4-Wheel Drive,Waiakoa Gate at Kula For.Res. Bound,Waiakoa Gate at Kula ForRes Boundar,Moderate,Cold,"Foot, Bicycle","Hike, Hunt",None,Day,Hunters,Trail only partially maintained.,Waiakoa Loop Trail Access Road,1086.76302297642
143,KA 03 011,Y,Kauai,03 01,Waimea,1930s,3.79999995,1566,2-Wheel Drive,"15.3 mi on Hwy 550, Kokee SP"," USGS marker ""Lolo No. 2""",Difficult,Mild,Foot,"Hike, Hunt, Nature Study",None,Day,"Hunters, Cliffs, Landslides",Equestrian use by hunters only.,Nualolo Trail,505.403933113813
144,KA 03 011,Y,Kauai,03 01,Waimea,1930s,3.79999995,1566,2-Wheel Drive,"15.3 mi on Hwy 550, Kokee SP"," USGS marker ""Lolo No. 2""",Difficult,Mild,Foot,"Hike, Hunt, Nature Study",None,Day,"Hunters, Cliffs, Landslides",Equestrian use by hunters only.,Nualolo Trail,5216.35338101435
145,KA 01 004,Y,Kauai,01,Waimea, ,2.0999999,780,Foot,2.75 mi on Awaawapuhi Trail,Lolo No.2 Bench Mark,Moderate,"Mild, Dry",Foot,"Hike, Hunt, Nature Study","Shelters, Tables",Day,"Cliffs, footing, landslides, hunters",Dangerous section at Nualolo Trail.,Nualolo Cliff Trail,2940.8861150619
146,KA 01 004,Y,Kauai,01,Waimea, ,2.0999999,780,Foot,2.75 mi on Awaawapuhi Trail,Lolo No.2 Bench Mark,Moderate,"Mild, Dry",Foot,"Hike, Hunt, Nature Study","Shelters, Tables",Day,"Cliffs, footing, landslides, hunters",Dangerous section at Nualolo Trail.,Nualolo Cliff Trail,876.110324560034
147,KA 03 010,Y,Kauai,03 01,"Hanalei, Waimea",1930s,3.0999999,1180,2-Wheel Drive,"17.0 mi on Hwy 550, Kokee SP",2200-foot elev. on Awaawapuhi Ridge,Difficult,Mild,Foot,"Bio. Sens., Hike, Hunt, Nature Study, Scenic View",None,Day,"Hunters, Cliffs, Landslides, Bees",Hazardous cliffs at end.,Awaawapuhi Trail,4859.01225855012
148,MA 13 005,Y,Maui,13,Hana, ,0,40,2-Wheel Drive,"Hana Hwy, Keanae Arboretum",Taro patch auwai intake,Easy,Mild,Foot,"Hike, Nature Study, Stream, Archaeology, Culture",None,Day,"Cliff, Footing, Flash Flood, Waves",None,Keanae Arboretum Walk,1305.55050109517
149,MA 05 001,Y,Maui,05,Wailuku,1960's,2.5,1500,2-Wheel Drive,Hwy 34/up Cmp Maluhia Rd/by trl sgn,Lanilili Peak,Moderate,Mild,"Foot, Horse","Hike, Nature Study, Hunt",Table,Day,Hunters, ,Waihee Ridge Trail,3049.45401966328
